{"name":"lovesdata_trump-tweets-5-4-09-12-5-16","title":"Trump Tweets, 5/4/09 - 12/5/16","description":"UPDATED: All 30,385 Trump tweets as of 1/27/2017\n\nAll Trump tweets. UPDATED: Current as of 1/27/2017.\n\nIncludes original client data as well as recoded client data more useful for basic analysis","homepage":"https://data.world/lovesdata/trump-tweets-5-4-09-12-5-16","license":"Public Domain","resources":[{"name":"2016_12_05_trumptwitterall","schema":{"fields":[{"name":"date","title":"Date","type":"date","rdfType":"http://www.w3.org/2001/XMLSchema#date","dwSourceId":"date"},{"name":"time","title":"Time","type":"time","rdfType":"http://www.w3.org/2001/XMLSchema#time","dwSourceId":"time"},{"name":"tweet","title":"Tweet","type":"string","rdfType":"http://www.w3.org/2001/XMLSchema#string","dwSourceId":"tweet"},{"name":"client","title":"Client","type":"string","rdfType":"http://www.w3.org/2001/XMLSchema#string","dwSourceId":"client"},{"name":"client_simplified","title":"Client Simplified","type":"string","rdfType":"http://www.w3.org/2001/XMLSchema#string","dwSourceId":"client_simplified"}]},"path":"data/2016_12_05_trumptwitterall.csv","format":"csv"},{"name":"2017_01_28_trump_tweets","schema":{"fields":[{"name":"date","title":"Date","type":"date","rdfType":"http://www.w3.org/2001/XMLSchema#date","dwSourceId":"date"},{"name":"time","title":"Time","type":"time","rdfType":"http://www.w3.org/2001/XMLSchema#time","dwSourceId":"time"},{"name":"tweet","title":"Tweet","type":"string","rdfType":"http://www.w3.org/2001/XMLSchema#string","dwSourceId":"tweet"},{"name":"client","title":"Client","type":"string","rdfType":"http://www.w3.org/2001/XMLSchema#string","dwSourceId":"client"},{"name":"client_simplified","title":"Client Simplified","type":"string","rdfType":"http://www.w3.org/2001/XMLSchema#string","dwSourceId":"client_simplified"}]},"path":"data/2017_01_28_trump_tweets.csv","format":"csv"},{"name":"trumptweets1205_127","schema":{"fields":[{"name":"date","title":"Date","type":"datetime","rdfType":"http://www.w3.org/2001/XMLSchema#dateTimeStamp","dwSourceId":"date"},{"name":"time","title":"Time","type":"time","rdfType":"http://www.w3.org/2001/XMLSchema#time","dwSourceId":"time"},{"name":"tweet","title":"Tweet","type":"string","rdfType":"http://www.w3.org/2001/XMLSchema#string","dwSourceId":"tweet"},{"name":"tweetid","title":"Tweetid","type":"integer","rdfType":"http://www.w3.org/2001/XMLSchema#integer","dwSourceId":"tweetid"}]},"path":"data/trumptweets1205_127.csv","format":"csv"},{"name":"trumpwords","schema":{"fields":[{"name":"id","title":"id","description":"ID per tweet. Not the actual tweetid but each tweet has an id for grouping them together.","type":"integer","rdfType":"http://www.w3.org/2001/XMLSchema#integer","dwSourceId":"id"},{"name":"wordorder","title":"wordorder","description":"order of the word as it was in the tweet.","type":"integer","rdfType":"http://www.w3.org/2001/XMLSchema#integer","dwSourceId":"wordorder"},{"name":"word","title":"word","description":"individual word.","type":"string","rdfType":"http://www.w3.org/2001/XMLSchema#string","dwSourceId":"word"},{"name":"pos","title":"pos","description":"does the word test as a positive - using open source list- iffy","type":"boolean","rdfType":"http://www.w3.org/2001/XMLSchema#boolean","dwSourceId":"pos"},{"name":"neg","title":"neg","description":"does the word test as a negative- using open source list- iffy","type":"boolean","rdfType":"http://www.w3.org/2001/XMLSchema#boolean","dwSourceId":"neg"},{"name":"bad","title":"bad","description":"does the word test as bad.","type":"boolean","rdfType":"http://www.w3.org/2001/XMLSchema#boolean","dwSourceId":"bad"}]},"path":"data/trumpwords.csv","format":"csv"},{"name":"original/2016_12_05-TrumpTwitterAll.xlsx","path":"original/2016_12_05-TrumpTwitterAll.xlsx","format":"xlsx","mediatype":"application/vnd.openxmlformats-officedocument.spreadsheetml.sheet","bytes":2184188},{"name":"original/2017_01_28 - Trump Tweets.xlsx","path":"original/2017_01_28 - Trump Tweets.xlsx","format":"xlsx","mediatype":"application/vnd.openxmlformats-officedocument.spreadsheetml.sheet","bytes":2209998},{"name":"original/Tweet Client Frequency.pdf","path":"original/Tweet Client Frequency.pdf","format":"pdf","mediatype":"application/pdf","bytes":26036},{"name":"original/trumptweets1205-127.csv","description":"These are tweets from 12-05 - 1-27 - we will figure out a good way to keep this updated by next time.","path":"original/trumptweets1205-127.csv","format":"csv","mediatype":"text/csv","bytes":54204},{"name":"original/trumpwords.xlsx","description":"These are the words to the 30k tweets from 09-12/05/2016.","path":"original/trumpwords.xlsx","format":"xlsx","mediatype":"application/vnd.openxmlformats-officedocument.spreadsheetml.sheet","bytes":14682096}],"keywords":["trump","twitter","text mining","politics"]}